stock1,stock2,weight1,weight2,model,p_val,mean,std,skewness
2352,3034,0.5613720316665207,0.4386279683334793,model3,0.02082705280499574,3.4488055383511966,0.0033943764882335753,-1.92187994251777
