stock1,stock2,weight1,weight2,model,p_val,mean,std,skewness
2448,2603,-0.4725524362170557,0.5274475637829443,model3,0.14096445496287205,-0.12494245254892566,0.0022911334049540164,-0.712006239329105
