stock1,stock2,weight1,weight2,model,p_val,mean,std,skewness
2201,5871,-0.38725375113415195,0.6127462488658482,model3,0.26012734976674967,1.160535357572098,0.0008064916502370713,-0.3353835575831686
