stock1,stock2,weight1,weight2,model,p_val,mean,std,skewness
2408,2610,-0.5610330984136838,0.4389669015863162,model3,0.13894211754293806,-1.0459656722048265,0.0011591202881694727,-0.03319792947089707
