stock1,stock2,weight1,weight2,model,p_val,mean,std,skewness
2308,2317,-0.6731249285682848,0.3268750714317151,model3,0.12511824253530757,-1.947708045975742,0.000798685911102938,0.24848006426105448
2308,2881,-0.7795476801289167,0.22045231987108335,model3,0.030001242092211635,-3.1058467834285075,0.0010330628072339038,-0.38649203065913207
2881,9904,-0.359635072251748,0.640364927748252,model3,0.027878518242815606,1.0830162358373854,0.0010211847274857943,1.558253437274121
