stock1,stock2,weight1,weight2,model,p_val,mean,std,skewness
2408,2880,0.41619899149939354,0.5838010085006065,model3,0.04544400936890019,3.1520777462522767,0.000993358865172432,-0.09657380860488347
