stock1,stock2,weight1,weight2,model,p_val,mean,std,skewness
2883,4938,-0.7436223237205604,0.2563776762794397,model3,0.1291030161995302,-0.41943270746697353,0.0005854603010698153,0.08969809839077554
4938,9945,-0.22511653255953032,0.7748834674404697,model3,0.11301647099979406,1.841671320261568,0.0007887275259036455,-0.02427276704369737
