stock1,stock2,weight1,weight2,model,p_val,mean,std,skewness
1402,2330,-0.7517478602336636,0.2482521397663364,model3,0.1865549870450988,-1.0945363891884268,0.0011687582566742767,-0.4333303034913197
2330,2352,-0.34981759059398215,0.6501824094060179,model3,0.21429232129348574,-0.1463257004290351,0.0012393041972295104,-0.027692483847190492
2313,2618,-0.22878440266387262,0.7712155973361274,model2,0.4048837240492153,1.4381819513908405,0.0013749290536633943,-0.2428166723824493
2618,9945,-0.7612118029861332,0.23878819701386678,model3,0.21755527326122834,-1.1796746364075743,0.001413436342863822,0.1732080510082276
2884,2204,0.8614063511583522,-0.13859364884164777,model2,0.2985692640455889,2.0546342572369958,0.0011578320940522958,-0.35369712816156024
1504,2204,-0.29021157549701565,0.7097884245029843,model3,0.08775263128320111,1.2858415848272458,0.0011450351788881768,-0.07223521543769665
