stock1,stock2,weight1,weight2,model,p_val,mean,std,skewness
2881,2356,-0.46602862301999315,0.5339713769800069,model3,0.005606334362445526,-0.06755270509102664,0.001325742378826523,-0.21026167595047035
