stock1,stock2,weight1,weight2,model,p_val,mean,std,skewness
2379,3706,-0.8287013619143132,0.17129863808568682,model3,0.090701303943407,-3.313763212036845,0.0022592988697082966,-0.09140834819225574
