stock1,stock2,weight1,weight2,model,p_val,mean,std,skewness
1402,2313,-0.11357513998196102,0.8864248600180389,model3,0.0791546578905045,2.0994188741762,0.0023494775345511316,0.6369291818607582
