stock1,stock2,weight1,weight2,model,p_val,mean,std,skewness
2801,6176,0.5793857397327262,0.42061426026727383,model3,0.0579298988066538,3.267151196055712,0.0010804683168392345,-0.7757079445052399
