stock1,stock2,weight1,weight2,model,p_val,mean,std,skewness
6505,2618,-0.198965547426942,0.801034452573058,model3,0.02387829599749758,1.2357277168631076,0.0014253122218985564,0.34078040699555295
