stock1,stock2,weight1,weight2,model,p_val,mean,std,skewness
2105,2884,-0.7962804678254815,-0.20371953217451844,model3,0.010740639324902743,-3.9533499754354717,0.0010353224070329878,-0.15893039948363744
