stock1,stock2,weight1,weight2,model,p_val,mean,std,skewness
2317,2888,-0.6895159582517476,0.3104840417482524,model3,0.010538367082070713,-2.5071943504303773,0.0005687647532770852,-0.1448712089197785
