stock1,stock2,weight1,weight2,model,p_val,mean,std,skewness
2801,2344,0.4372679732241692,-0.5627320267758308,model1,0.8317254197526787,-3.001638180735178e-06,0.0009010681577036733,-0.0827866683898723
2884,9904,-0.7037852643638617,0.29621473563613826,model3,0.0050699638234031705,-0.954674794238119,0.0008759793079913217,-0.5106457820729393
2408,2603,-0.3511256403500803,0.6488743596499197,model3,0.024029464013555494,0.3415369228512339,0.00183396461433818,-0.6091445858948187
2408,6176,-0.3001792593459221,0.6998207406540778,model3,0.023730799273965573,1.6552709217393544,0.001527981293957773,0.42792722362997565
2412,6176,0.5742785818564509,0.4257214181435492,model3,0.038973797484122726,4.416169376494208,0.00084792716657427,-0.3831802252535733
6505,2603,0.359594848029281,-0.640405151970719,model1,0.9098996415251008,0.0002396344377372032,0.0016384916554376457,0.5610938336152559
