stock1,stock2,weight1,weight2,model,p_val,mean,std,skewness
1589,2448,-0.2949579393283629,0.705042060671637,model3,0.3572531039183856,0.615655174274485,0.0017097757894328734,-0.45436488281751436
