stock1,stock2,weight1,weight2,model,p_val,mean,std,skewness
1301,4938,-0.3588855175448117,0.6411144824551883,model3,0.12580535105819066,1.240554502498943,0.001229789087378309,-1.3444016320366838
1301,2206,0.0811317122733467,0.9188682877266533,model3,0.4519909544486396,3.178486046266974,0.0012970451448415163,0.2440631599460467
4938,2206,-0.04920976926256712,0.950790230737433,model3,0.4825451085777116,2.7078346407229206,0.0014086298908675549,0.2892230084087037
2408,5880,0.13435445917087022,0.8656455408291298,model3,0.012504354942711206,2.8037639470899283,0.0015211125559656618,0.4804530039114354
2408,1789,-0.15784870980263993,0.84215129019736,model3,0.005475370824025129,2.7584121245131,0.0017946609286464078,0.04632387645030651
2408,2888,-0.27359143618041976,0.7264085638195802,model3,0.01868065836945346,0.35067143218064195,0.000564768492093924,-0.13502718962548674
