stock1,stock2,weight1,weight2,model,p_val,mean,std,skewness
1707,3702,-0.5821534445925735,0.4178465554074265,model3,0.13407293468981246,-1.6757064752767232,0.0011863300800975963,0.49041666794074484
