stock1,stock2,weight1,weight2,model,p_val,mean,std,skewness
2317,2382,-0.5937715739485195,0.4062284260514805,model3,0.08793239555842566,-0.9834057838973088,0.0007117916266513356,0.1675344976030225
2317,2890,-0.508990356203305,0.4910096437966951,model2,0.6462142759810839,-1.1342131935520796,0.00046780882171397665,-0.3547431595664664
2890,3702,0.6080812107567216,-0.39191878924327833,model1,0.7783431953921744,2.216006486018015e-05,0.0007390631218710937,-0.5024323021449734
2882,2891,-0.09816384567163465,0.9018361543283654,model3,0.0028291835182817286,2.1945709396206237,0.0009993842039187247,-0.677755182833251
2882,1722,0.268374806424191,0.731625193575809,model3,0.009354901214171563,3.832618738179893,0.0005593457713091832,0.11381794787716608
2891,1722,-0.8323003262560092,-0.1676996737439907,model3,0.001,-3.010943003120191,0.0009897192198653998,0.6827272394392985
2891,9938,-0.8923714638629194,0.10762853613708061,model3,0.0063919059602673845,-2.0482720245072765,0.0010064428097847145,0.484323389183349
1722,9938,-0.9262763811122829,-0.07372361888771709,model3,0.005017802095109706,-3.9304799222830464,0.0006736492795921246,0.21257505635613166
2324,3034,-0.12009858365792231,0.8799014163420776,model3,0.11737442895409692,3.9567277932493896,0.00248044682922267,-1.275895311051235
