stock1,stock2,weight1,weight2,model,p_val,mean,std,skewness
2330,2887,-0.4816789954097357,0.5183210045902643,model3,0.05532580472699282,-1.1197541935518116,0.001237985473347607,0.801966179771763
