stock1,stock2,weight1,weight2,model,p_val,mean,std,skewness
2317,2454,-0.5084856376588619,0.4915143623411381,model3,0.7207396984260779,0.4247602453541741,0.0006282721140514605,-0.5173259196736064
