stock1,stock2,weight1,weight2,model,p_val,mean,std,skewness
4904,3706,-0.7448143150940897,0.25518568490591026,model3,0.022508380406352953,-2.3198235088838524,0.0006337583919321498,-0.32893677818130485
