stock1,stock2,weight1,weight2,model,p_val,mean,std,skewness
3034,6285,-0.33554655887366985,0.6644534411263301,model3,0.2367622172996255,1.3597503432807563,0.0018349737243156653,-0.5811125190261459
