stock1,stock2,weight1,weight2,model,p_val,mean,std,skewness
2883,5264,0.6976026961005032,-0.30239730389949687,model1,0.8535581946067963,-0.00018707605389833257,0.0013273901357812744,-0.6927761288567729
