stock1,stock2,weight1,weight2,model,p_val,mean,std,skewness
2356,3034,-0.2478364548691475,0.7521635451308526,model3,0.268370802424641,2.745911334193713,0.0017732289021496974,-0.2772758865055027
