stock1,stock2,weight1,weight2,model,p_val,mean,std,skewness
2887,3702,0.59030898835109,-0.4096910116489099,model1,0.971641595527669,-2.668957351005178e-05,0.0009585221837669815,0.6226776347918905
