stock1,stock2,weight1,weight2,model,p_val,mean,std,skewness
2002,3044,0.9198958749654652,-0.08010412503453483,model2,0.2907461693511669,2.4702436614899934,0.0010462089941151037,-0.266234574502444
