stock1,stock2,weight1,weight2,model,p_val,mean,std,skewness
2823,6239,-0.38334602837637377,0.6166539716236261,model3,0.04486321020221512,1.3972792241925978,0.0009149858880423885,-0.6612622977653929
