stock1,stock2,weight1,weight2,model,p_val,mean,std,skewness
2890,4904,-0.7116747785643743,0.2883252214356257,model3,0.20857529676798445,-0.3447676573556382,0.000406703859973407,-0.3457102623488656
