stock1,stock2,weight1,weight2,model,p_val,mean,std,skewness
2884,2834,-0.3989522520086803,0.6010477479913198,model3,0.027641041778658726,0.0991244795632102,0.00047636789801952956,-0.1659282147878157
