stock1,stock2,weight1,weight2,model,p_val,mean,std,skewness
2610,2809,-0.3515403465422933,0.6484596534577066,model3,0.0055254028827281,1.3509329830060501,0.0025912471502584538,1.0308509654581293
